region,employment_status,total_customers,avg_risk
North,Student,1594,53.14161598609905
East,Student,1502,51.417200365965236
South,Self-Employed,1448,50.898370086289546
South,Student,1454,50.87323943661972
West,Self-Employed,1551,50.70782608695652
Central,Student,1488,50.70252572497662
West,Employed,1350,50.401041666666664
Central,Employed,1654,50.354943273905995
West,Student,1403,50.20333988212181
Central,Retired,1486,50.11889400921659
South,Unemployed,1529,50.06754385964912
West,Unemployed,1425,50.01541425818883
East,Unemployed,1549,49.96166950596252
East,Retired,1403,49.74425287356322
Central,Unemployed,1519,49.69936421435059
Central,Self-Employed,1521,49.39090143218197
East,Self-Employed,1442,49.24397031539889
West,Retired,1442,48.98622047244095
North,Employed,1479,48.808664259927795
North,Self-Employed,1535,48.63886500429923
East,Employed,1489,48.59255813953489
South,Retired,1456,48.56803044719315
South,Employed,1560,48.526595744680854
North,Unemployed,1563,48.48293963254593
North,Retired,1542,48.175182481751825
