claim_type,employment_status,default_rate
"Natural Disaster",Unemployed,0.0830
"Natural Disaster",Retired,0.0823
Accident,Student,0.0806
Other,Unemployed,0.0792
NULL,Student,0.0785
Other,Retired,0.0782
"Natural Disaster",Self-Employed,0.0778
Theft,Self-Employed,0.0758
Theft,Student,0.0757
Other,Student,0.0752
Theft,Retired,0.0743
"Natural Disaster",Student,0.0743
Theft,Employed,0.0737
Theft,Unemployed,0.0718
Other,Self-Employed,0.0717
Accident,Retired,0.0713
Accident,Self-Employed,0.0703
Accident,Employed,0.0699
NULL,Self-Employed,0.0697
NULL,Retired,0.0696
"Natural Disaster",Employed,0.0688
NULL,Employed,0.0675
Other,Employed,0.0655
NULL,Unemployed,0.0649
Accident,Unemployed,0.0642
