month,claim_type,total_claims
NULL,NULL,10016
NULL,Accident,3305
NULL,"Natural Disaster",3478
NULL,Other,3468
NULL,Theft,3451
2017-01,Accident,41
2017-01,"Natural Disaster",43
2017-01,Other,49
2017-01,Theft,27
2017-02,Accident,34
2017-02,"Natural Disaster",32
2017-02,Other,25
2017-02,Theft,29
2017-03,Accident,36
2017-03,"Natural Disaster",43
2017-03,Other,29
2017-03,Theft,38
2017-04,Accident,36
2017-04,"Natural Disaster",42
2017-04,Other,42
2017-04,Theft,39
2017-05,Accident,56
2017-05,"Natural Disaster",19
2017-05,Other,35
2017-05,Theft,29
2017-06,Accident,32
2017-06,"Natural Disaster",50
2017-06,Other,39
2017-06,Theft,50
2017-07,Accident,47
2017-07,"Natural Disaster",51
2017-07,Other,37
2017-07,Theft,48
2017-08,Accident,30
2017-08,"Natural Disaster",25
2017-08,Other,44
2017-08,Theft,52
2017-09,Accident,37
2017-09,"Natural Disaster",45
2017-09,Other,29
2017-09,Theft,27
2017-10,Accident,43
2017-10,"Natural Disaster",40
2017-10,Other,17
2017-10,Theft,35
2017-11,Accident,25
2017-11,"Natural Disaster",38
2017-11,Other,52
2017-11,Theft,36
2017-12,Accident,45
2017-12,"Natural Disaster",35
2017-12,Other,33
2017-12,Theft,45
2018-01,Accident,41
2018-01,"Natural Disaster",35
2018-01,Other,34
2018-01,Theft,35
2018-02,Accident,24
2018-02,"Natural Disaster",26
2018-02,Other,28
2018-02,Theft,44
2018-03,Accident,33
2018-03,"Natural Disaster",36
2018-03,Other,32
2018-03,Theft,42
2018-04,Accident,40
2018-04,"Natural Disaster",27
2018-04,Other,36
2018-04,Theft,32
2018-05,Accident,34
2018-05,"Natural Disaster",32
2018-05,Other,44
2018-05,Theft,49
2018-06,Accident,36
2018-06,"Natural Disaster",34
2018-06,Other,53
2018-06,Theft,35
2018-07,Accident,42
2018-07,"Natural Disaster",29
2018-07,Other,35
2018-07,Theft,38
2018-08,Accident,35
2018-08,"Natural Disaster",34
2018-08,Other,32
2018-08,Theft,39
2018-09,Accident,21
2018-09,"Natural Disaster",35
2018-09,Other,31
2018-09,Theft,23
2018-10,Accident,38
2018-10,"Natural Disaster",32
2018-10,Other,45
2018-10,Theft,30
2018-11,Accident,22
2018-11,"Natural Disaster",50
2018-11,Other,43
2018-11,Theft,28
2018-12,Accident,37
2018-12,"Natural Disaster",32
2018-12,Other,43
2018-12,Theft,36
2019-01,Accident,38
2019-01,"Natural Disaster",31
2019-01,Other,35
2019-01,Theft,43
2019-02,Accident,30
2019-02,"Natural Disaster",43
2019-02,Other,26
2019-02,Theft,34
2019-03,Accident,38
2019-03,"Natural Disaster",38
2019-03,Other,30
2019-03,Theft,35
2019-04,Accident,57
2019-04,"Natural Disaster",27
2019-04,Other,38
2019-04,Theft,28
2019-05,Accident,31
2019-05,"Natural Disaster",36
2019-05,Other,44
2019-05,Theft,34
2019-06,Accident,37
2019-06,"Natural Disaster",51
2019-06,Other,28
2019-06,Theft,43
2019-07,Accident,27
2019-07,"Natural Disaster",26
2019-07,Other,30
2019-07,Theft,28
2019-08,Accident,37
2019-08,"Natural Disaster",43
2019-08,Other,47
2019-08,Theft,39
2019-09,Accident,42
2019-09,"Natural Disaster",26
2019-09,Other,31
2019-09,Theft,37
2019-10,Accident,24
2019-10,"Natural Disaster",46
2019-10,Other,43
2019-10,Theft,32
2019-11,Accident,27
2019-11,"Natural Disaster",30
2019-11,Other,26
2019-11,Theft,33
2019-12,Accident,31
2019-12,"Natural Disaster",39
2019-12,Other,27
2019-12,Theft,38
2020-01,Accident,33
2020-01,"Natural Disaster",26
2020-01,Other,40
2020-01,Theft,28
2020-02,Accident,41
2020-02,"Natural Disaster",26
2020-02,Other,25
2020-02,Theft,30
2020-03,Accident,45
2020-03,"Natural Disaster",40
2020-03,Other,45
2020-03,Theft,40
2020-04,Accident,44
2020-04,"Natural Disaster",40
2020-04,Other,57
2020-04,Theft,35
2020-05,Accident,42
2020-05,"Natural Disaster",38
2020-05,Other,32
2020-05,Theft,40
2020-06,Accident,24
2020-06,"Natural Disaster",38
2020-06,Other,30
2020-06,Theft,45
2020-07,Accident,36
2020-07,"Natural Disaster",25
2020-07,Other,44
2020-07,Theft,40
2020-08,Accident,34
2020-08,"Natural Disaster",29
2020-08,Other,25
2020-08,Theft,39
2020-09,Accident,32
2020-09,"Natural Disaster",25
2020-09,Other,39
2020-09,Theft,48
2020-10,Accident,51
2020-10,"Natural Disaster",30
2020-10,Other,43
2020-10,Theft,40
2020-11,Accident,46
2020-11,"Natural Disaster",25
2020-11,Other,33
2020-11,Theft,33
2020-12,Accident,28
2020-12,"Natural Disaster",17
2020-12,Other,46
2020-12,Theft,51
2021-01,Accident,34
2021-01,"Natural Disaster",44
2021-01,Other,35
2021-01,Theft,30
2021-02,Accident,41
2021-02,"Natural Disaster",21
2021-02,Other,37
2021-02,Theft,37
2021-03,Accident,44
2021-03,"Natural Disaster",44
2021-03,Other,32
2021-03,Theft,34
2021-04,Accident,43
2021-04,"Natural Disaster",33
2021-04,Other,27
2021-04,Theft,36
2021-05,Accident,40
2021-05,"Natural Disaster",32
2021-05,Other,34
2021-05,Theft,40
2021-06,Accident,30
2021-06,"Natural Disaster",24
2021-06,Other,38
2021-06,Theft,40
2021-07,Accident,33
2021-07,"Natural Disaster",27
2021-07,Other,37
2021-07,Theft,40
2021-08,Accident,36
2021-08,"Natural Disaster",42
2021-08,Other,34
2021-08,Theft,41
2021-09,Accident,36
2021-09,"Natural Disaster",44
2021-09,Other,35
2021-09,Theft,40
2021-10,Accident,41
2021-10,"Natural Disaster",38
2021-10,Other,53
2021-10,Theft,31
2021-11,Accident,51
2021-11,"Natural Disaster",42
2021-11,Other,22
2021-11,Theft,34
2021-12,Accident,41
2021-12,"Natural Disaster",41
2021-12,Other,41
2021-12,Theft,39
2022-01,Accident,47
2022-01,"Natural Disaster",36
2022-01,Other,34
2022-01,Theft,22
2022-02,Accident,33
2022-02,"Natural Disaster",43
2022-02,Other,29
2022-02,Theft,24
2022-03,Accident,41
2022-03,"Natural Disaster",27
2022-03,Other,25
2022-03,Theft,46
2022-04,Accident,44
2022-04,"Natural Disaster",54
2022-04,Other,39
2022-04,Theft,30
2022-05,Accident,37
2022-05,"Natural Disaster",37
2022-05,Other,46
2022-05,Theft,43
2022-06,Accident,47
2022-06,"Natural Disaster",38
2022-06,Other,27
2022-06,Theft,34
2022-07,Accident,22
2022-07,"Natural Disaster",32
2022-07,Other,34
2022-07,Theft,41
2022-08,Accident,38
2022-08,"Natural Disaster",38
2022-08,Other,37
2022-08,Theft,36
2022-09,Accident,33
2022-09,"Natural Disaster",39
2022-09,Other,38
2022-09,Theft,39
2022-10,Accident,42
2022-10,"Natural Disaster",40
2022-10,Other,18
2022-10,Theft,46
2022-11,Accident,32
2022-11,"Natural Disaster",44
2022-11,Other,38
2022-11,Theft,29
2022-12,Accident,29
2022-12,"Natural Disaster",38
2022-12,Other,23
2022-12,Theft,43
2023-01,Accident,36
2023-01,"Natural Disaster",38
2023-01,Other,40
2023-01,Theft,45
2023-02,Accident,29
2023-02,"Natural Disaster",41
2023-02,Other,41
2023-02,Theft,35
2023-03,Accident,43
2023-03,"Natural Disaster",27
2023-03,Other,43
2023-03,Theft,40
2023-04,Accident,27
2023-04,"Natural Disaster",39
2023-04,Other,23
2023-04,Theft,30
2023-05,Accident,44
2023-05,"Natural Disaster",43
2023-05,Other,48
2023-05,Theft,31
2023-06,Accident,27
2023-06,"Natural Disaster",38
2023-06,Other,36
2023-06,Theft,49
2023-07,Accident,21
2023-07,"Natural Disaster",15
2023-07,Other,29
2023-07,Theft,21
2023-08,Accident,31
2023-08,"Natural Disaster",40
2023-08,Other,55
2023-08,Theft,29
2023-09,Accident,32
2023-09,"Natural Disaster",25
2023-09,Other,25
2023-09,Theft,37
2023-10,Accident,33
2023-10,"Natural Disaster",28
2023-10,Other,41
2023-10,Theft,29
2023-11,Accident,32
2023-11,"Natural Disaster",20
2023-11,Other,34
2023-11,Theft,23
2023-12,Accident,28
2023-12,"Natural Disaster",27
2023-12,Other,38
2023-12,Theft,18
2024-01,Accident,39
2024-01,"Natural Disaster",39
2024-01,Other,41
2024-01,Theft,30
2024-02,Accident,24
2024-02,"Natural Disaster",34
2024-02,Other,15
2024-02,Theft,25
2024-03,Accident,35
2024-03,"Natural Disaster",33
2024-03,Other,36
2024-03,Theft,56
2024-04,Accident,37
2024-04,"Natural Disaster",36
2024-04,Other,32
2024-04,Theft,31
2024-05,Accident,20
2024-05,"Natural Disaster",31
2024-05,Other,33
2024-05,Theft,40
2024-06,Accident,38
2024-06,"Natural Disaster",37
2024-06,Other,30
2024-06,Theft,45
2024-07,Accident,37
2024-07,"Natural Disaster",26
2024-07,Other,24
2024-07,Theft,41
2024-08,Accident,39
2024-08,"Natural Disaster",26
2024-08,Other,39
2024-08,Theft,34
2024-09,Accident,31
2024-09,"Natural Disaster",21
2024-09,Other,36
2024-09,Theft,44
2024-10,Accident,33
2024-10,"Natural Disaster",34
2024-10,Other,40
2024-10,Theft,23
2024-11,Accident,33
2024-11,"Natural Disaster",44
2024-11,Other,32
2024-11,Theft,51
2024-12,Accident,42
2024-12,"Natural Disaster",27
2024-12,Other,33
2024-12,Theft,24
